Date,Open,High,Low,Close,Volume
2015-07-06,755,760,735,740,24315400
2015-07-07,740,745,695,700,48893700
2015-07-08,695,705,655,655,55760600
2015-07-09,650,665,605,630,117369100
2015-07-10,635,655,620,635,59980300
2015-07-13,640,645,610,620,36732400
2015-07-14,620,625,580,585,78181500
2015-07-15,590,605,585,595,56210600
2015-07-22,600,600,560,575,89347100
2015-07-23,580,600,575,595,73346000
2015-07-24,590,595,555,560,62430800
2015-07-27,560,575,550,555,38267800
2015-07-28,565,600,550,600,92650400
2015-07-29,600,615,575,590,122011200
2015-07-30,600,600,580,585,44238800
2015-07-31,590,595,580,590,61646400
2015-08-03,590,595,560,570,42026900
2015-08-04,570,600,565,590,72399600
2015-08-05,595,610,585,600,107959100
2015-08-06,600,600,590,595,64433800
2015-08-07,595,595,575,580,22768100
2015-08-10,580,580,560,565,22817900
2015-08-11,570,580,520,530,71443900
2015-08-12,505,505,471,485,114793200
2015-08-13,491,505,489,498,50000000
2015-08-14,505,505,490,500,18192900
2015-08-18,492,500,484,487,39256100
2015-08-19,497,500,484,486,25187000
2015-08-20,491,491,480,484,21489600
2015-08-21,484,495,472,490,41183000
2015-08-24,480,480,467,474,27343100
2015-08-25,468,585,468,545,104636200
2015-08-26,540,580,520,540,79913600
2015-08-27,555,590,545,590,133914400
2015-08-28,605,650,600,620,113459700
2015-08-31,625,635,590,595,83799700
2015-09-01,595,620,575,575,48381200
2015-09-02,565,615,555,610,54742600
2015-09-03,620,630,610,620,29831600
2015-09-04,620,620,570,580,26990500
2015-09-07,580,595,555,555,13476500
2015-09-08,555,585,555,570,18473500
2015-09-09,580,595,575,580,55359600
2015-09-10,570,570,540,540,70379600
2015-09-11,550,565,545,565,39508500
2015-09-14,575,585,565,570,32968200
2015-09-15,575,580,560,580,20795300
2015-09-16,590,590,565,570,21934600
2015-09-17,585,590,575,585,28647000
2015-09-18,585,610,580,600,52793000
2015-09-21,590,610,585,600,18031000
2015-09-22,605,615,590,595,31076200
2015-09-23,590,595,570,580,35778500
2015-09-25,580,585,565,585,20845800
2015-09-28,585,590,550,550,25683000
2015-09-29,525,540,510,535,43829100
2015-09-30,520,540,515,535,50832400
2015-10-01,515,545,515,530,41875400
2015-10-02,525,530,515,520,37995400
2015-10-05,525,540,525,535,71060000
2015-10-06,545,570,540,560,105348100
2015-10-07,570,630,570,615,113588900
2015-10-08,620,625,590,620,54064100
2015-10-09,635,710,635,680,139746400
2015-10-12,685,705,680,700,69745500
2015-10-13,695,695,635,635,64542200
2015-10-15,635,665,620,640,50511700
2015-10-16,650,675,620,640,83794500
2015-10-19,650,660,635,645,41242600
2015-10-20,640,695,640,670,65585400
2015-10-21,685,695,645,650,40118100
2015-10-22,650,655,630,635,20833800
2015-10-23,650,675,645,670,41685800
2015-10-26,675,680,660,680,29360000
2015-10-27,675,675,650,665,26559300
2015-10-28,650,660,645,650,46403400
2015-10-29,650,660,605,615,52195800
2015-10-30,610,620,585,595,56685100
2015-11-02,600,615,590,610,56478200
2015-11-03,620,645,620,640,47294000
2015-11-04,650,660,645,655,27079600
2015-11-05,650,655,625,630,23635000
2015-11-06,640,645,620,620,16882600
2015-11-09,630,640,615,615,33695000
2015-11-10,615,635,610,610,21585100
2015-11-11,615,645,605,640,55608800
2015-11-12,640,645,610,610,30923600
2015-11-13,600,610,580,580,41801100
2015-11-16,575,575,555,560,33624400
2015-11-17,570,575,555,555,32827500
2015-11-18,560,580,555,575,50065700
2015-11-19,585,605,585,600,38095700
2015-11-20,605,605,585,585,24639500
2015-11-23,595,595,570,570,16615200
2015-11-24,560,580,560,565,26456300
2015-11-25,565,585,565,585,29068300
2015-11-26,590,595,580,585,33676700
2015-11-27,585,585,565,565,13492100
2015-11-30,555,565,525,550,97767700
2015-12-01,555,560,540,545,29597500
2015-12-02,550,550,530,540,30631900
2015-12-03,535,535,525,535,23564400
2015-12-04,525,540,520,525,38775500
2015-12-07,525,530,510,510,25420300
2015-12-08,500,515,490,490,51571400
2015-12-10,490,498,472,475,57739100
2015-12-11,480,494,475,485,50630100
2015-12-14,475,482,475,477,23373700
2015-12-15,477,482,441,463,86173200
2015-12-16,465,510,458,492,75487800
2015-12-17,500,530,498,510,61663900
2015-12-18,505,515,490,490,53107300
2015-12-21,494,505,494,495,13810400
2015-12-22,500,510,497,500,23605600
2015-12-23,505,505,500,500,5305200
2015-12-28,505,520,500,510,19929200
2015-12-29,505,520,500,520,23874300
2015-12-30,530,530,515,515,8157900
2016-01-04,510,515,494,494,20864700
2016-01-05,500,510,495,499,22509400
2016-01-06,499,510,495,500,49150500
2016-01-07,495,500,485,485,23583700
2016-01-08,490,499,490,493,18186900
2016-01-11,493,499,486,486,16960400
2016-01-12,486,490,481,481,9916000
2016-01-13,481,488,473,473,33103100
2016-01-14,469,471,450,464,39855900
2016-01-15,467,469,449,449,43145700
2016-01-18,440,452,439,450,18252000
2016-01-19,453,463,451,461,21765700
2016-01-20,460,466,437,437,34931000
2016-01-21,441,462,441,450,58460600
2016-01-22,460,520,456,515,72436400
2016-01-25,525,530,497,498,38617800
2016-01-26,493,493,476,476,28174300
2016-01-27,488,495,475,477,33993700
2016-01-28,490,520,490,520,58883600
2016-01-29,530,540,510,525,57287200
2016-02-01,535,535,500,515,26262500
2016-02-02,500,580,500,555,90998400
2016-02-03,545,580,535,575,41812400
2016-02-04,585,630,570,620,83785500
2016-02-05,620,655,620,640,65810000
2016-02-09,620,625,580,590,38287700
2016-02-10,575,595,565,575,31382800
2016-02-11,575,615,575,605,68311400
2016-02-12,600,610,585,600,15988700
2016-02-15,610,620,580,585,34291700
2016-02-16,595,620,590,615,81378100
2016-02-17,615,630,610,620,34475500
2016-02-18,630,645,595,605,83521600
2016-02-19,595,620,580,585,43709100
2016-02-22,590,600,580,595,28073500
2016-02-23,610,615,595,595,38870400
2016-02-24,600,605,585,595,11648400
2016-02-25,605,605,570,570,23202200
2016-02-26,585,600,575,600,45239100
2016-02-29,600,610,595,605,55046300
2016-03-01,610,670,610,670,116186800
2016-03-02,685,690,655,660,88331000
2016-03-03,665,675,645,650,59366500
2016-03-04,660,685,660,680,68511600
2016-03-07,685,745,685,745,98166600
2016-03-08,755,795,755,790,121621600
2016-03-10,775,800,760,770,46094300
2016-03-15,735,735,700,700,59714800
2016-03-16,705,735,700,730,51766200
2016-03-17,745,755,735,745,78010700
2016-03-18,755,760,680,680,151788800
2016-03-21,685,715,680,705,117395800
2016-03-22,710,720,690,695,52999800
2016-03-23,695,705,690,690,29536900
2016-03-24,680,685,645,660,53219000
2016-03-28,660,680,655,670,26770200
2016-03-29,665,670,650,650,25590300
2016-03-30,660,670,650,665,36860100
2016-03-31,665,670,640,645,75955400
2016-04-01,645,665,645,665,35984400
2016-04-04,665,690,655,680,55100400
2016-04-05,680,685,670,670,22776400
2016-04-06,665,695,665,695,68269900
2016-04-07,705,715,690,690,86828800
2016-04-08,685,705,680,705,46140600
2016-04-12,710,715,695,695,63438200
2016-04-20,700,730,700,720,67197300
2016-04-21,760,760,725,750,128642400
2016-04-22,750,760,735,745,62149600
2016-04-25,745,770,740,750,57883600
2016-04-26,745,745,710,720,54010700
2016-04-27,735,735,710,725,24575300
2016-04-28,735,745,715,735,36285700
2016-04-29,730,735,715,730,32940600
2016-05-02,720,730,695,715,22677400
2016-05-03,725,725,705,715,23686200
2016-05-04,705,720,695,720,29309400
2016-05-09,710,715,675,695,51182600
2016-05-10,675,685,655,665,41210800
2016-05-11,685,700,660,685,45489500
2016-05-12,685,700,685,695,13931200
2016-05-13,690,695,670,670,18858300
2016-05-16,670,695,665,685,22269100
2016-05-17,700,710,680,695,57066400
2016-05-18,690,705,680,690,32205900
2016-05-19,685,685,675,675,18045700
2016-05-20,680,685,670,670,14823000
2016-05-23,675,685,670,670,15803300
2016-05-24,675,680,655,660,25891000
2016-05-25,670,690,670,680,31283500
2016-05-26,685,705,675,700,85473800
2016-05-27,710,710,690,695,38241700
2016-05-30,700,710,695,695,27024600
2016-05-31,700,710,690,710,46578400
2016-06-01,710,725,705,720,56813300
2016-06-02,725,770,720,755,138655100
2016-06-03,760,825,760,815,179658900
2016-06-06,825,845,815,840,76310600
2016-06-07,845,915,830,910,152664400
2016-06-08,920,930,870,870,129151500
2016-06-09,880,945,870,925,146643500
2016-06-10,925,935,880,890,56784600
2016-06-13,870,875,855,860,25752900
2016-06-14,860,895,845,845,60803700
2016-06-15,845,875,830,865,101326400
2016-06-16,865,865,840,845,64139600
2016-06-17,840,850,800,800,127461100
2016-06-20,815,850,815,845,86181500
2016-06-21,855,865,840,845,92011600
2016-06-22,850,870,845,845,81429700
2016-06-23,850,865,840,850,96179200
2016-06-24,850,855,805,840,72701300
2016-06-27,830,840,820,835,22530000
2016-06-28,835,865,830,855,58494900
2016-06-29,865,885,845,855,69076000
2016-06-30,870,875,850,850,101257100
2016-07-01,860,895,860,885,73994700
2016-07-11,900,940,900,925,122161400
2016-07-12,930,980,915,970,120026800
2016-07-13,1025,1075,990,1025,108673800
2016-07-14,1045,1070,1030,1040,60585100
2016-07-15,1045,1060,995,995,84782600
2016-07-18,1020,1040,1005,1030,54946100
2016-07-19,1030,1050,1015,1025,73371200
2016-07-20,1020,1065,1020,1035,71954300
2016-07-21,1050,1055,1035,1055,45179900
2016-07-22,1055,1060,1040,1050,52971200
2016-07-25,1045,1070,1030,1070,57399500
2016-07-26,1070,1090,1060,1060,25771800
2016-07-27,1065,1065,1025,1045,51285000
2016-07-28,1045,1070,1035,1060,35854700
2016-07-29,1055,1070,1000,1040,59644500
2016-08-01,1040,1045,1015,1040,30694600
2016-08-02,1055,1120,1055,1105,127834300
2016-08-03,1105,1190,1105,1140,113150500
2016-08-04,1110,1185,1110,1110,88600800
2016-08-05,1120,1155,1120,1145,59447500
2016-08-08,1150,1165,1140,1150,48490400
2016-08-09,1170,1200,1155,1200,54767900
2016-08-10,1200,1200,1140,1155,40375000
2016-08-11,1145,1145,1085,1085,50895300
2016-08-12,1130,1145,1110,1135,59554300
2016-08-15,1140,1150,1105,1120,27618900
2016-08-16,1120,1170,1110,1145,76650200
2016-08-18,1160,1175,1150,1170,47235700
2016-08-19,1150,1165,1100,1105,84563100
2016-08-22,1110,1130,1100,1115,29897500
2016-08-23,1115,1115,1065,1080,54612400
2016-08-24,1090,1090,1055,1060,31402200
2016-08-25,1060,1105,1055,1100,41764000
2016-08-26,1100,1115,1065,1080,27860900
2016-08-29,1080,1095,1050,1065,28237000
2016-08-30,1100,1135,1070,1135,88037400
2016-08-31,1145,1190,1140,1150,140249100
2016-09-01,1150,1190,1135,1185,60263500
2016-09-02,1175,1190,1160,1170,20989900
2016-09-05,1180,1220,1180,1220,50015300
2016-09-06,1230,1245,1215,1225,28467400
2016-09-07,1240,1250,1205,1245,55199000
2016-09-08,1245,1285,1215,1270,78698900
2016-09-09,1270,1275,1230,1270,28946000
2016-09-13,1250,1250,1150,1165,51705000
2016-09-14,1150,1150,1105,1120,48057700
2016-09-15,1120,1170,1115,1165,48206400
2016-09-16,1180,1195,1155,1165,57762400
2016-09-19,1180,1210,1180,1185,30242400
2016-09-20,1185,1195,1165,1180,38388700
2016-09-21,1175,1180,1160,1170,22453600
2016-09-22,1185,1230,1185,1185,53816300
2016-09-23,1210,1230,1190,1210,43307900
2016-09-26,1210,1215,1190,1200,13874600
2016-09-27,1215,1215,1185,1210,47181600
2016-09-28,1215,1215,1175,1200,28554700
2016-09-29,1230,1290,1230,1280,72292600
2016-09-30,1270,1270,1205,1205,39165800
2016-10-03,1250,1300,1250,1300,41784300
2016-10-04,1325,1345,1305,1305,54970000
2016-10-05,1305,1325,1280,1290,32273300
2016-10-06,1320,1370,1315,1360,85124600
2016-10-07,1365,1380,1335,1375,44233200
2016-10-10,1370,1400,1345,1385,40670700
2016-10-11,1400,1415,1375,1400,53416100
2016-10-12,1390,1410,1385,1405,30869600
2016-10-13,1415,1430,1405,1405,29637300
2016-10-14,1405,1425,1390,1425,35534000
2016-10-17,1435,1480,1435,1460,46657000
2016-10-18,1480,1520,1440,1440,52587500
2016-10-19,1485,1545,1485,1530,88032300
2016-10-20,1530,1540,1505,1510,35639200
2016-10-21,1510,1545,1450,1500,112802300
2016-10-24,1500,1540,1495,1525,26332800
2016-10-25,1540,1540,1520,1525,19755500
2016-10-26,1545,1595,1545,1555,70986300
2016-10-27,1590,1605,1535,1550,60630600
2016-10-28,1565,1585,1555,1580,41690800
2016-10-31,1560,1585,1555,1585,23061000
2016-11-01,1605,1650,1605,1640,64328600
2016-11-02,1650,1735,1645,1720,69373700
2016-11-03,1700,1710,1630,1640,45976000
2016-11-04,1605,1670,1580,1670,80230500
2016-11-07,1685,1710,1675,1685,36378900
2016-11-08,1700,1720,1610,1630,91928100
2016-11-09,1635,1645,1475,1570,188671200
2016-11-10,1610,1685,1610,1650,129577500
2016-11-11,1590,1695,1550,1660,118022100
2016-11-14,1650,1680,1605,1605,73161300
2016-11-15,1595,1650,1465,1465,95555500
2016-11-16,1490,1555,1490,1535,108525500
2016-11-17,1530,1555,1500,1515,56885800
2016-11-18,1500,1535,1480,1500,50646700
2016-11-21,1500,1540,1480,1530,34181400
2016-11-22,1555,1620,1550,1620,65668600
2016-11-23,1650,1680,1595,1630,84238600
2016-11-24,1635,1665,1620,1645,55037100
2016-11-25,1665,1675,1635,1640,17422900
2016-11-28,1660,1685,1645,1680,49400600
2016-11-29,1680,1700,1630,1630,49141800
2016-11-30,1660,1660,1530,1530,116047400
2016-12-01,1580,1620,1580,1610,46421900
2016-12-02,1620,1670,1615,1665,45361800
2016-12-05,1680,1735,1665,1730,94942900
2016-12-06,1745,1770,1720,1730,57692500
2016-12-07,1695,1720,1660,1710,37697300
2016-12-08,1710,1710,1620,1650,36140400
2016-12-09,1685,1700,1665,1680,28128900
2016-12-13,1700,1715,1675,1700,44345000
2016-12-14,1710,1710,1685,1690,28482200
2016-12-15,1680,1700,1665,1670,25856300
2016-12-16,1690,1710,1660,1660,64458900
2016-12-19,1685,1710,1675,1695,50934400
2016-12-20,1710,1710,1665,1700,16041800
2016-12-21,1710,1710,1670,1670,22800100
2016-12-22,1690,1695,1650,1680,23636200
2016-12-23,1680,1705,1655,1655,22587100
2016-12-27,1670,1685,1665,1675,7093300
2016-12-28,1695,1700,1675,1690,17844800
2016-12-29,1700,1705,1680,1690,15516000
2016-12-30,1660,1705,1660,1695,27112100
2017-01-03,1690,1750,1685,1740,64546200
2017-01-04,1730,1735,1690,1700,45023900
2017-01-05,1695,1710,1660,1665,34668500
2017-01-06,1660,1705,1655,1695,24130100
2017-01-09,1700,1720,1685,1720,25338200
2017-01-10,1695,1705,1680,1685,19228600
2017-01-11,1720,1760,1700,1745,54843500
2017-01-12,1750,1750,1715,1715,22256200
2017-01-13,1730,1735,1685,1700,27517400
2017-01-16,1700,1725,1700,1700,11682200
2017-01-17,1680,1705,1680,1700,12044700
2017-01-18,1720,1740,1715,1720,19893500
2017-01-19,1730,1735,1715,1730,17767700
2017-01-20,1745,1745,1715,1730,18622800
2017-01-23,1735,1740,1720,1725,11682100
2017-01-24,1735,1740,1725,1725,17448100
2017-01-25,1740,1740,1725,1740,21238900
2017-01-26,1750,1750,1700,1730,17003400
2017-01-27,1700,1725,1700,1725,7549500
2017-01-30,1705,1730,1705,1715,6144700
2017-01-31,1695,1730,1695,1695,14629200
2017-02-01,1705,1750,1705,1750,28542200
2017-02-02,1750,1755,1725,1740,16078400
2017-02-03,1740,1750,1720,1720,17623300
2017-02-06,1740,1745,1730,1740,17116700
2017-02-07,1735,1740,1730,1730,17813600
2017-02-08,1740,1740,1705,1720,12684700
2017-02-09,1720,1730,1705,1725,24666600
2017-02-10,1715,1715,1685,1710,29824200
2017-02-13,1715,1725,1670,1680,29121800
2017-02-14,1670,1675,1615,1645,58748000
2017-02-16,1660,1700,1660,1700,53570200
2017-02-17,1705,1705,1660,1660,24950900
2017-02-20,1680,1700,1670,1695,14330400
2017-02-21,1710,1725,1700,1720,39430000
2017-02-22,1720,1725,1665,1705,29513100
2017-02-23,1690,1715,1685,1715,11193200
2017-02-24,1720,1720,1690,1700,13866500
2017-02-27,1700,1705,1695,1700,16028100
2017-02-28,1700,1700,1675,1695,38221400
2017-03-01,1680,1690,1665,1675,23179100
2017-03-02,1680,1690,1675,1685,12969000
2017-03-03,1665,1705,1665,1685,16079900
2017-03-06,1685,1700,1680,1685,9311300
2017-03-07,1680,1710,1675,1695,23368200
2017-03-08,1750,1755,1690,1695,69809100
2017-03-09,1685,1695,1670,1685,17433100
2017-03-10,1700,1700,1590,1600,55449200
2017-03-13,1600,1645,1565,1625,29009300
2017-03-14,1650,1670,1640,1645,23629800
2017-03-15,1630,1665,1630,1650,16524800
2017-03-16,1670,1690,1660,1680,24912500
2017-03-17,1690,1705,1675,1705,49817500
2017-03-20,1675,1710,1675,1705,9995300
2017-03-21,1700,1730,1695,1730,25645900
2017-03-22,1700,1730,1690,1730,35870700
2017-03-23,1740,1750,1720,1740,46791000
2017-03-24,1750,1780,1745,1770,33650400
2017-03-27,1800,1800,1780,1800,25153600
2017-03-29,1800,1845,1800,1820,44937800
2017-03-30,1820,1830,1800,1820,19278400
2017-03-31,1800,1815,1750,1750,35817900
2017-04-03,1780,1835,1775,1805,34277600
2017-04-04,1855,1940,1855,1930,110585100
2017-04-06,1885,1895,1840,1895,24786100
2017-04-07,1910,1920,1865,1890,32926400
2017-04-10,1910,1920,1870,1890,23679400
2017-04-11,1850,1890,1850,1870,31043800
2017-04-12,1880,1895,1855,1890,21718200
2017-04-13,1890,1890,1860,1860,12910600
2017-04-17,1880,1880,1850,1850,10840000
2017-04-18,1850,1870,1830,1835,22643200
2017-04-20,1870,1885,1835,1840,23278400
2017-04-21,1820,1850,1815,1840,22973500
2017-04-25,1850,1850,1820,1845,25227200
2017-04-26,1825,1845,1785,1820,51670000
2017-04-27,1820,1850,1820,1840,22207500
2017-04-28,1840,1850,1770,1775,32593500
2017-05-02,1780,1795,1720,1720,31553500
2017-05-03,1725,1750,1625,1630,37559400
2017-05-04,1630,1660,1610,1615,45507300
2017-05-05,1615,1620,1560,1560,40484900
2017-05-08,1585,1630,1575,1615,50216600
2017-05-09,1610,1620,1510,1550,53514900
2017-05-10,1550,1565,1460,1495,78771200
2017-05-12,1510,1560,1475,1480,73840800
2017-05-15,1505,1515,1440,1485,34002000
2017-05-16,1495,1500,1460,1465,24005800
2017-05-17,1470,1470,1410,1410,43935600
2017-05-18,1400,1455,1395,1435,56987500
2017-05-19,1450,1535,1430,1465,46142400
2017-05-22,1500,1515,1415,1435,69669700
2017-05-23,1450,1490,1445,1475,46527800
2017-05-24,1455,1485,1450,1480,21829400
2017-05-26,1500,1500,1460,1485,34577500
2017-05-29,1485,1490,1465,1465,7618700
2017-05-30,1465,1475,1455,1460,18713800
2017-05-31,1470,1520,1445,1520,52991200
2017-06-02,1500,1525,1465,1470,47258500
2017-06-05,1510,1550,1490,1545,39833400
2017-06-06,1550,1630,1545,1605,57539800
2017-06-07,1610,1625,1590,1600,18580900
2017-06-08,1620,1620,1575,1575,15002900
2017-06-09,1590,1610,1555,1555,22634400
2017-06-12,1565,1570,1540,1540,7415300
2017-06-13,1560,1600,1540,1600,20376200
2017-06-14,1615,1660,1590,1660,60055000
2017-06-15,1660,1660,1635,1645,25642000
2017-06-16,1645,1670,1585,1605,44650700
2017-06-19,1600,1610,1555,1565,21181900
2017-06-20,1585,1645,1580,1640,66950700
2017-06-21,1630,1635,1595,1595,15494100
2017-06-22,1600,1630,1575,1580,27114300
2017-07-03,1600,1635,1565,1630,53981900
2017-07-04,1635,1645,1575,1580,36973300
2017-07-05,1605,1630,1600,1620,31210300
2017-07-06,1630,1645,1615,1635,37777600
2017-07-07,1625,1640,1610,1610,22292300
2017-07-10,1600,1630,1585,1595,13593800
2017-07-11,1625,1625,1595,1615,13133100
2017-07-12,1600,1670,1600,1665,58888300
2017-07-13,1665,1675,1615,1625,40182900
2017-07-14,1640,1665,1630,1665,26608600
2017-07-17,1665,1700,1660,1700,22112900
2017-07-18,1700,1700,1685,1695,21194300
2017-07-19,1700,1805,1700,1765,79033100
2017-07-20,1765,1820,1750,1820,66565000
2017-07-21,1820,1830,1795,1820,29867000
2017-07-24,1790,1835,1775,1835,39712700
2017-07-25,1810,1830,1790,1830,34659200
2017-07-26,1830,1850,1800,1800,33543800
2017-07-27,1805,1815,1760,1800,24454400
2017-07-28,1800,1830,1790,1825,24778400
2017-07-31,1825,1825,1785,1785,21694000
2017-08-01,1825,1895,1825,1860,75698700
2017-08-02,1895,1920,1840,1895,49377700
2017-08-03,1895,1895,1840,1845,24517600
2017-08-04,1845,1895,1830,1870,28084500
2017-08-07,1870,1885,1830,1850,25728500
2017-08-08,1850,1870,1845,1870,27223700
2017-08-09,1860,1865,1805,1805,37514900
2017-08-10,1815,1855,1815,1850,27151300
2017-08-11,1845,1850,1820,1820,24666300
2017-08-14,1825,1870,1825,1850,23362000
2017-08-15,1850,1865,1850,1855,26960900
2017-08-16,1850,1885,1840,1880,27583200
2017-08-18,1850,1900,1850,1875,39407200
2017-08-21,1875,1885,1850,1865,15652700
2017-08-22,1850,1875,1850,1860,28325500
2017-08-23,1875,1970,1865,1955,92325800
2017-08-24,1955,1995,1945,1965,43790500
2017-08-25,1970,1985,1935,1945,26148400
2017-08-28,1955,1965,1885,1890,36038400
2017-08-29,1930,1950,1850,1870,56692000
2017-08-30,1885,1890,1870,1890,34194500
2017-08-31,1870,1900,1825,1825,27306500
2017-09-04,1840,1840,1785,1815,19275800
2017-09-05,1815,1885,1785,1860,26460200
2017-09-06,1865,1890,1865,1890,40939100
2017-09-07,1890,1890,1840,1865,30151800
2017-09-08,1860,1890,1860,1885,27033500
2017-09-11,1890,1920,1875,1900,37553500
2017-09-12,1920,1930,1860,1865,32362800
2017-09-13,1865,1865,1680,1715,64250100
2017-09-14,1740,1800,1720,1740,58907100
2017-09-15,1770,1775,1700,1775,54161700
2017-09-18,1775,1820,1750,1820,25834700
2017-09-19,1840,1875,1805,1870,37614900
2017-09-20,1870,1875,1835,1860,24187800
2017-09-22,1830,1850,1815,1815,23513300
2017-09-25,1810,1815,1755,1755,19242300
2017-09-26,1760,1780,1710,1710,27300600
2017-09-27,1670,1685,1630,1670,47059800
2017-09-28,1680,1825,1665,1765,57372600
2017-09-29,1770,1830,1730,1825,53215100
2017-10-02,1835,1850,1765,1775,12608900
2017-10-03,1800,1820,1745,1780,29977000
2017-10-04,1820,1840,1810,1825,31524600
2017-10-05,1830,1860,1830,1830,28344200
2017-10-06,1850,1885,1830,1875,28277400
2017-10-09,1875,1915,1850,1890,25424600
2017-10-10,1900,1920,1860,1900,25396800
2017-10-11,1900,1915,1860,1880,46412900
2017-10-12,1905,1935,1895,1900,61390700
2017-10-13,1895,1915,1865,1900,30031300
2017-10-16,1900,1915,1855,1870,27814600
2017-10-17,1900,1905,1880,1900,47278300
2017-10-18,1900,1905,1865,1880,16228600
2017-10-19,1885,1895,1860,1865,12779200
2017-10-20,1850,1900,1790,1855,76794100
2017-10-23,1855,1860,1830,1850,15299800
2017-10-24,1855,1895,1855,1890,22447600
2017-10-25,1895,1910,1870,1900,31579300
2017-10-26,1900,1900,1825,1825,28381500
2017-10-27,1845,1880,1835,1840,27183100
2017-10-30,1860,1885,1835,1835,12956600
2017-10-31,1875,1875,1825,1825,24555000
2017-11-01,1860,1915,1850,1910,62867000
2017-11-02,1915,1925,1885,1900,28172600
2017-11-03,1915,1925,1895,1895,28641300
2017-11-06,1870,1900,1870,1900,20601100
2017-11-07,1900,1915,1895,1900,40139300
2017-11-08,1885,1885,1815,1820,77995500
2017-11-09,1820,1840,1800,1830,66096200
2017-11-10,1830,1845,1810,1815,30314500
2017-11-13,1815,1840,1810,1820,16908500
2017-11-14,1830,1835,1810,1815,35303400
2017-11-15,1810,1810,1735,1735,63139500
2017-11-16,1735,1760,1695,1755,80776200
2017-11-17,1770,1795,1765,1770,46761800
2017-11-20,1770,1785,1750,1755,16423500
2017-11-21,1755,1760,1715,1715,29612900
2017-11-22,1730,1760,1720,1745,42131600
2017-11-23,1745,1745,1725,1725,10918000
2017-11-24,1745,1745,1690,1710,25975100
2017-11-27,1720,1720,1685,1695,22638000
2017-11-28,1690,1715,1680,1715,26443100
2017-11-29,1725,1775,1720,1775,44664100
2017-11-30,1775,1785,1700,1700,55391300
2017-12-04,1740,1810,1730,1775,45529400
2017-12-05,1775,1800,1750,1780,35387000
2017-12-06,1780,1795,1755,1755,31707400
2017-12-07,1755,1770,1700,1710,22483700
2017-12-08,1725,1755,1700,1725,21657900
2017-12-11,1735,1740,1695,1710,18111200
2017-12-12,1720,1810,1715,1810,53322400
2017-12-13,1820,1845,1810,1815,33965000
2017-12-14,1805,1815,1785,1805,26567900
2017-12-15,1805,1825,1790,1805,37519800
2017-12-18,1800,1815,1790,1800,19774200
2017-12-19,1800,1850,1800,1835,73623000
2017-12-20,1835,1845,1795,1800,51378700
2017-12-21,1815,1875,1815,1870,61547700
2017-12-22,1860,1890,1855,1890,38649000
2017-12-27,1895,1905,1890,1895,19953100
2017-12-28,1895,1905,1870,1890,23988700
2017-12-29,1865,1880,1845,1860,25480000
2018-01-02,1865,1900,1865,1880,26045000
2018-01-03,1890,1890,1810,1830,35595000
2018-01-04,1860,1935,1850,1915,81191500
2018-01-05,1935,1990,1935,1990,112355500
2018-01-08,2000,2180,1975,2160,140767300
2018-01-09,2180,2240,2140,2180,109077300
2018-01-10,2200,2210,2150,2210,68206700
2018-01-11,2200,2220,2140,2180,53966100
2018-01-12,2200,2260,2190,2230,91231600
2018-01-15,2250,2260,2210,2230,35912100
2018-01-16,2230,2250,2150,2190,66577100
2018-01-17,2210,2230,2130,2170,49228000
2018-01-18,2200,2200,2150,2170,64596400
2018-01-19,2180,2230,2160,2180,60009200
2018-01-22,2210,2350,2210,2310,122900400
2018-01-23,2350,2440,2350,2420,74669600
2018-01-24,2440,2470,2380,2440,64172400
2018-01-25,2480,2480,2420,2450,36942900
2018-01-26,2460,2470,2410,2440,47872100
2018-01-29,2440,2650,2440,2560,70182600
2018-01-30,2600,2610,2460,2550,67769700
2018-01-31,2500,2560,2450,2450,70402900
2018-02-01,2460,2480,2360,2400,58711400
2018-02-02,2400,2530,2320,2470,115254700
2018-02-05,2430,2590,2390,2520,95408100
2018-02-06,2430,2530,2420,2450,102217400
2018-02-07,2500,2520,2390,2450,69711300
2018-02-08,2400,2480,2390,2420,41480500
2018-02-09,2300,2370,2300,2320,35274800
2018-02-12,2340,2370,2330,2350,28576600
2018-02-13,2370,2450,2370,2420,73635600
2018-02-14,2450,2490,2410,2440,57512800
2018-02-15,2480,2500,2460,2470,45453800
2018-02-19,2460,2510,2450,2490,29481000
2018-02-20,2510,2520,2410,2430,34752100
2018-02-21,2430,2500,2430,2470,46720600
2018-02-22,2470,2490,2430,2480,36729100
2018-02-23,2480,2510,2460,2480,49086200
2018-02-26,2450,2480,2370,2390,51163200
2018-02-27,2390,2430,2350,2400,50957600
2018-02-28,2430,2450,2350,2350,68753500
2018-03-01,2370,2420,2370,2420,48073500
2018-03-02,2380,2390,2290,2310,46826300
2018-03-05,2310,2340,2300,2320,28695800
2018-03-06,2330,2370,2300,2330,40320000
2018-03-07,2360,2380,2150,2160,135082100
2018-03-08,2160,2210,1995,2190,177448700
2018-03-09,2200,2220,2110,2170,102331600
2018-03-12,2200,2240,2170,2220,82249500
2018-03-13,2220,2260,2130,2170,87487400
2018-03-14,2120,2160,2060,2070,65089500
2018-03-15,2050,2120,2020,2050,54737200
2018-03-16,2070,2080,2000,2040,110602400
2018-03-19,2060,2080,2020,2040,21537600
2018-03-20,2010,2090,2000,2070,41326700
2018-03-21,2090,2110,2030,2040,74771800
2018-03-22,2060,2070,2000,2020,52433200
2018-03-23,1980,2010,1945,1995,52299100
2018-03-26,1995,2050,1990,2030,34336700
2018-03-27,2050,2070,2030,2040,49645600
2018-03-28,2040,2070,2020,2040,69051900
2018-03-29,2070,2160,2030,2130,108354800
2018-04-02,2150,2180,2110,2130,51011600
2018-04-03,2100,2130,2080,2120,61715400
2018-04-04,2140,2140,2030,2040,64390900
2018-04-05,2070,2080,2010,2020,67813100
2018-04-06,2030,2060,2000,2030,34975600
2018-04-09,2030,2090,2020,2070,40067600
2018-04-10,2090,2130,2050,2110,55960600
2018-04-11,2110,2210,2110,2140,106993500
2018-04-12,2140,2170,2110,2110,43279200
2018-04-13,2130,2150,2110,2130,26671700
2018-04-18,2130,2130,2080,2100,57129400
2018-04-23,2250,2290,2210,2260,74117300
2018-04-24,2280,2280,2180,2200,61013500
2018-04-30,1840,1875,1835,1835,48982700
2018-05-02,1835,1835,1770,1775,161066600
2018-05-03,1755,1760,1595,1680,359102400
2018-05-04,1680,1705,1625,1640,133025800
2018-05-07,1660,1715,1605,1710,163301300
2018-05-08,1710,1720,1615,1625,141777800
2018-05-09,1625,1715,1575,1700,164011600
2018-05-11,1720,1755,1700,1715,188517000
2018-05-14,1700,1715,1640,1675,140076400
2018-05-15,1695,1730,1650,1715,128428700
2018-05-16,1705,1800,1665,1800,189622500
2018-05-17,1815,1910,1815,1880,155203900
2018-05-18,1895,1960,1865,1905,141046000
2018-05-21,1900,1980,1880,1950,106170500
2018-05-22,1950,1965,1905,1930,78702100
2018-05-23,1920,1935,1825,1825,104492500
2018-05-24,1825,1865,1800,1835,120450100
2018-05-25,1860,1875,1830,1830,45817600
2018-05-28,1800,1860,1795,1820,47494600
2018-05-30,1820,1880,1815,1830,82871200
2018-05-31,1875,1930,1870,1885,196912100
2018-06-04,1915,1975,1915,1970,113281500
2018-06-05,2000,2070,1990,2030,119456300
2018-06-06,2050,2060,1985,1985,55595500
2018-06-07,2000,2030,1980,1990,70334500
2018-06-08,2010,2030,1935,1935,76718600
2018-06-20,1870,2000,1830,2000,140664700
2018-06-21,1990,2020,1965,2010,75380200
2018-06-22,1990,1990,1905,1930,69063400
2018-06-25,1930,1960,1865,1870,47119400
2018-06-26,1870,1895,1755,1755,83866100
2018-06-27,1770,1805,1705,1705,101110700
2018-06-28,1690,1750,1650,1665,94009700
2018-06-29,1675,1790,1665,1790,124197700
2018-07-02,1810,1820,1735,1745,53210900
2018-07-03,1760,1770,1690,1720,45932000
2018-07-04,1710,1780,1690,1770,35855500
2018-07-05,1770,1835,1745,1825,47143600
2018-07-06,1830,1845,1775,1785,41555200
2018-07-09,1810,1835,1795,1835,33991400
2018-07-10,1855,1880,1830,1865,45734900
2018-07-11,1835,1920,1820,1900,57214300
2018-07-12,1900,1930,1865,1870,64182900
2018-07-13,1885,1895,1825,1860,40511600
2018-07-16,1830,1860,1780,1800,58828800
2018-07-17,1800,1810,1755,1760,58751600
2018-07-18,1790,1865,1780,1865,87066600
2018-07-19,1890,1915,1860,1870,64638600
2018-07-20,1850,1875,1825,1825,31792100
2018-07-23,1805,1840,1800,1800,26271300
2018-07-24,1815,1840,1795,1800,46045000
2018-07-25,1820,1885,1810,1880,61510700
2018-07-26,1895,1910,1845,1850,74202800
2018-07-27,1850,1975,1840,1965,107580500
2018-07-30,2030,2130,2030,2090,198864700
2018-07-31,2070,2070,1880,1905,164547300
2018-08-01,1915,1990,1900,1980,74080800
2018-08-02,1990,1995,1925,1935,52010800
2018-08-03,1935,1960,1930,1940,63189100
2018-08-06,1950,1970,1950,1960,35260200
2018-08-07,1980,2030,1965,1980,61466100
2018-08-08,2000,2030,1980,1990,45706300
2018-08-09,1990,1995,1925,1935,65590800
2018-08-10,1940,1965,1900,1910,76226500
2018-08-13,1900,1900,1810,1830,69285200
2018-08-14,1825,1890,1800,1800,61428900
2018-08-15,1820,1860,1780,1855,34569700
2018-08-16,1830,1840,1780,1780,65985400
2018-08-20,1800,1850,1800,1835,51605600
2018-08-21,1845,1880,1845,1880,54946000
2018-08-23,1900,1950,1865,1940,80572800
2018-08-24,1940,1940,1890,1910,59739000
2018-08-27,1930,1935,1860,1895,53576800
2018-08-28,1910,1925,1885,1910,37976500
2018-08-29,1910,1915,1885,1910,38354900
2018-08-30,1920,1930,1895,1895,34368700
2018-08-31,1880,1880,1840,1865,37523200
2018-09-03,1890,1890,1840,1855,22816700
2018-09-04,1845,1860,1800,1805,33123800
2018-09-05,1800,1805,1700,1700,64767600
2018-09-06,1680,1735,1675,1725,77666400
2018-09-07,1725,1745,1720,1730,31972700
2018-09-10,1730,1780,1705,1735,46147800
2018-09-12,1745,1780,1745,1760,45898700
2018-09-13,1770,1775,1725,1735,43392300
2018-09-14,1735,1760,1720,1740,36920200
2018-09-17,1735,1740,1690,1715,31949100
2018-09-18,1705,1765,1700,1750,45486500
2018-09-19,1780,1790,1725,1740,44840900
2018-09-20,1755,1825,1730,1805,88560700
2018-09-21,1820,1900,1795,1880,126601900
2018-09-24,1870,1875,1815,1820,40507000
2018-09-25,1825,1830,1805,1815,25072800
2018-09-26,1825,1865,1805,1815,37701700
2018-09-27,1815,1845,1810,1825,33680200
2018-09-28,1835,1850,1820,1835,33909100
2018-10-01,1830,1865,1820,1840,36878300
2018-10-02,1840,1900,1830,1845,66829700
2018-10-03,1845,1870,1835,1865,32749000
2018-10-04,1850,1860,1810,1825,31597100
2018-10-05,1800,1835,1790,1810,33817300
2018-10-08,1810,1820,1750,1750,47188000
2018-10-09,1760,1770,1730,1730,30068100
2018-10-10,1740,1780,1730,1780,33963200
2018-10-11,1720,1750,1700,1720,49872300
2018-10-12,1710,1735,1705,1710,31664500
2018-10-15,1715,1725,1675,1675,23931100
2018-10-16,1685,1750,1685,1750,41620900
2018-10-17,1780,1780,1745,1760,29240800
2018-10-18,1740,1750,1710,1730,23312400
2018-10-19,1710,1735,1690,1700,79630000
2018-10-22,1715,1745,1695,1730,35681900
2018-10-23,1720,1725,1695,1700,30541300
2018-10-24,1700,1705,1655,1670,52183600
2018-10-25,1630,1670,1610,1650,28984900
2018-10-26,1665,1730,1665,1725,83485700
2018-10-29,1730,1730,1660,1665,22765000
2018-10-30,1665,1675,1640,1650,28725000
2018-10-31,1665,1680,1615,1650,60829500
2018-11-01,1650,1650,1630,1645,29505400
2018-11-02,1645,1645,1585,1585,52561000
2018-11-05,1585,1610,1565,1575,34342300
2018-11-06,1590,1635,1585,1630,58240300
2018-11-07,1640,1645,1585,1595,42912600
2018-11-08,1620,1625,1595,1610,79412800
2018-11-09,1600,1605,1580,1580,32266000
2018-11-12,1575,1590,1510,1510,50361300
2018-11-13,1500,1540,1490,1515,41302900
2018-11-14,1535,1585,1530,1565,67359700
2018-11-15,1540,1575,1530,1555,45933400
2018-11-16,1555,1585,1535,1545,49576400
2018-11-19,1545,1550,1485,1485,97095900
2018-11-21,1470,1470,1300,1310,175875600
2018-11-22,1330,1340,1250,1285,185941900
2018-11-23,1290,1315,1280,1295,96463200
2018-11-26,1285,1290,1240,1275,90744200
2018-11-27,1280,1285,1220,1220,85605700
2018-11-28,1220,1290,1220,1255,103874300
2018-11-29,1285,1305,1270,1280,87861300
2018-11-30,1290,1330,1265,1285,173801300
2018-12-03,1330,1330,1300,1305,78958400
2018-12-04,1305,1320,1250,1300,91375000
2018-12-05,1280,1345,1270,1285,124311600
2018-12-06,1275,1320,1275,1295,83074000
2018-12-07,1300,1310,1295,1300,66223200
2018-12-10,1300,1330,1290,1310,58534900
2018-12-11,1315,1320,1285,1285,71048400
2018-12-12,1290,1295,1250,1255,98768600
2018-12-13,1260,1290,1255,1280,96572600
2018-12-14,1280,1310,1270,1285,109536800
2018-12-17,1290,1295,1260,1280,44301600
2018-12-18,1270,1270,1235,1240,71205700
2018-12-19,1235,1260,1230,1245,60076000
2018-12-20,1245,1275,1245,1255,76760400
2018-12-21,1255,1260,1235,1250,65802400
2018-12-26,1240,1240,1215,1220,42011200
2018-12-27,1250,1260,1235,1240,63853800
2018-12-28,1230,1230,1215,1215,61358700
2019-01-02,1215,1225,1215,1225,17086200
2019-01-03,1225,1235,1215,1230,26738400
2019-01-04,1220,1390,1220,1390,258453600
2019-01-07,1410,1430,1365,1390,188434700
2019-01-08,1395,1415,1360,1410,87842100
2019-01-09,1425,1435,1380,1395,112359400
2019-01-10,1395,1415,1370,1405,59780600
2019-01-11,1405,1420,1395,1405,38608700
2019-01-14,1405,1415,1385,1410,49808900
2019-01-15,1420,1470,1405,1460,114172600
2019-01-16,1475,1495,1455,1460,84230700
2019-01-17,1480,1510,1455,1460,142090600
2019-01-18,1480,1495,1475,1485,86803600
2019-01-21,1495,1505,1445,1470,42644600
2019-01-22,1460,1460,1375,1410,66118800
2019-01-23,1410,1420,1370,1380,99859900
2019-01-24,1385,1405,1380,1380,55564000
2019-01-25,1380,1410,1380,1395,59077400
2019-01-28,1400,1430,1380,1390,97669800
2019-01-29,1390,1390,1335,1340,76464700
2019-01-30,1340,1375,1340,1350,56906800
2019-01-31,1365,1415,1360,1390,109294400
2019-02-01,1395,1400,1365,1375,45433300
2019-02-04,1370,1380,1355,1360,41270100
2019-02-06,1370,1380,1355,1365,36227000
2019-02-07,1375,1380,1335,1345,45892300
2019-02-08,1330,1330,1305,1305,65555100
2019-02-11,1300,1305,1255,1260,62534100
2019-02-12,1275,1290,1240,1275,85248600
2019-02-13,1295,1300,1260,1260,89133300
2019-02-14,1265,1280,1240,1240,51789900
2019-02-15,1240,1245,1215,1220,54815800
2019-02-18,1240,1265,1240,1245,45571400
2019-02-19,1270,1310,1270,1295,81308800
2019-02-20,1305,1350,1285,1345,103338100
2019-02-21,1345,1420,1330,1415,155986100
2019-02-22,1420,1460,1410,1410,144782800
2019-02-25,1430,1430,1380,1405,68473000
2019-02-26,1405,1410,1350,1350,43479900
2019-02-27,1360,1395,1360,1375,43819400
2019-02-28,1380,1390,1305,1310,62148900
2019-03-01,1320,1345,1310,1310,77736800
2019-03-04,1330,1420,1325,1410,144915900
2019-03-05,1400,1455,1385,1400,99046800
2019-03-06,1410,1415,1360,1360,43142100
2019-03-08,1370,1395,1365,1390,50118800
2019-03-11,1385,1470,1365,1450,111529800
2019-03-12,1460,1460,1380,1390,56659400
2019-03-13,1405,1450,1390,1440,99221100
2019-03-14,1450,1480,1430,1460,61455900
2019-03-15,1460,1460,1430,1435,30627900
2019-03-18,1420,1435,1405,1430,20874200
2019-03-19,1445,1450,1410,1435,18861200
2019-03-20,1440,1440,1420,1430,17269700
2019-03-21,1450,1450,1415,1420,28910600
2019-03-22,1435,1435,1400,1415,12361200
2019-03-25,1400,1405,1335,1345,68403800
2019-03-26,1370,1385,1350,1360,32397600
2019-03-27,1380,1380,1335,1350,27627500
2019-03-28,1350,1355,1330,1340,23189200
2019-03-29,1360,1365,1340,1340,39336400
2019-04-01,1325,1360,1320,1350,27290600
2019-04-02,1325,1345,1310,1325,36085600
2019-04-04,1315,1320,1265,1275,78420500
2019-04-05,1295,1295,1255,1260,40829900
2019-04-08,1275,1285,1250,1260,48482300
2019-04-09,1280,1320,1275,1295,74323800
2019-04-10,1305,1305,1275,1300,30538500
2019-04-11,1320,1325,1295,1295,19145000
2019-04-12,1305,1315,1295,1300,15146200
2019-04-15,1310,1315,1280,1285,26778800
2019-04-16,1285,1315,1280,1305,59364200
2019-04-18,1330,1330,1290,1295,46156300
2019-04-22,1295,1295,1260,1270,33244100
2019-04-23,1275,1310,1275,1305,43700800
2019-04-24,1310,1315,1300,1305,32154700
2019-04-25,1305,1305,1285,1290,25000900
2019-04-26,1290,1295,1280,1290,15772900
2019-04-29,1290,1315,1280,1315,37698700
2019-04-30,1315,1340,1300,1305,52568500
2019-05-02,1330,1360,1315,1345,95810800
2019-05-03,1345,1350,1310,1335,57040400
2019-05-06,1300,1325,1290,1315,36012900
2019-05-07,1320,1330,1310,1310,30469700
2019-05-08,1310,1310,1295,1295,38977100
2019-05-09,1290,1305,1275,1280,45523500
2019-05-10,1250,1275,1250,1265,45642400
2019-05-13,1285,1285,1250,1250,38541600
2019-05-14,1250,1250,1220,1235,46837700
2019-05-15,1245,1260,1215,1235,65521800
2019-05-16,1230,1235,1160,1160,41379600
2019-05-17,1180,1200,1160,1175,39289200
2019-05-20,1185,1215,1170,1175,26879400
2019-05-21,1190,1255,1185,1235,55039500
2019-05-22,1235,1250,1210,1235,18810700
2019-05-23,1250,1290,1240,1280,48887300
2019-05-24,1280,1290,1260,1260,31953100
2019-05-27,1265,1280,1265,1265,21527300
2019-05-28,1265,1285,1260,1270,68587800
2019-05-29,1270,1305,1265,1270,44624700
2019-05-31,1295,1295,1260,1295,46433700
2019-06-10,1305,1315,1275,1285,57316800
2019-06-11,1295,1295,1265,1280,24974300
2019-06-12,1265,1295,1265,1285,37842600
2019-06-13,1275,1280,1265,1275,24047900
2019-06-14,1290,1295,1230,1235,38776200
2019-06-17,1245,1245,1215,1230,17974500
2019-06-18,1225,1250,1220,1245,18426900
2019-06-20,1280,1290,1265,1265,32480900
2019-06-21,1275,1280,1225,1225,69385800
2019-06-24,1240,1250,1225,1245,14749600
2019-06-25,1245,1335,1230,1330,105687100
2019-06-26,1350,1375,1330,1360,166716100
2019-06-27,1370,1400,1340,1385,72833900
2019-06-28,1385,1390,1345,1360,27379100
2019-07-01,1380,1455,1350,1440,82112100
2019-07-02,1440,1445,1380,1420,61499600
2019-07-03,1410,1415,1360,1360,50270400
2019-07-04,1400,1435,1380,1420,78860000
2019-07-05,1435,1470,1415,1415,70628300
2019-07-08,1415,1415,1375,1380,25373500
2019-07-09,1360,1385,1320,1335,48345600
2019-07-10,1335,1360,1330,1345,39124800
2019-07-11,1360,1365,1330,1335,22330200
2019-07-12,1335,1340,1275,1280,46977100
2019-07-15,1295,1295,1265,1275,37038000
2019-07-16,1280,1305,1270,1285,21626300
2019-07-17,1290,1295,1265,1280,21113200
2019-07-18,1275,1335,1270,1300,47703200
2019-07-19,1310,1315,1285,1295,14735600
2019-07-22,1300,1305,1280,1285,9661200
2019-07-23,1285,1295,1265,1275,31996500
2019-07-24,1285,1285,1250,1255,27037300
2019-07-25,1255,1270,1250,1250,18497000
2019-07-26,1260,1260,1230,1230,23179100
2019-07-29,1220,1255,1220,1255,16327200
2019-07-30,1255,1295,1245,1295,20044900
2019-07-31,1280,1285,1260,1270,44371900
2019-08-01,1270,1275,1215,1225,49309700
2019-08-02,1220,1220,1165,1175,65053800
2019-08-05,1175,1180,1110,1120,57490400
2019-08-06,1100,1100,1040,1085,88402300
2019-08-07,1090,1130,1090,1105,60120400
2019-08-08,1120,1130,1100,1100,42572300
2019-08-09,1105,1120,1095,1095,28530100
2019-08-12,1100,1110,1060,1070,25450200
2019-08-13,1070,1070,1030,1035,55110300
2019-08-14,1060,1070,1035,1050,34143400
2019-08-15,1025,1035,1010,1025,54488500
2019-08-16,1030,1095,1010,1030,149120800
2019-08-19,1040,1055,1035,1045,28476700
2019-08-20,1060,1060,1030,1050,39251200
2019-08-21,1050,1055,1025,1030,33412600
2019-08-22,1035,1040,1020,1020,32651600
2019-08-23,1055,1145,1045,1085,196150500
2019-08-26,1060,1120,1050,1120,82143700
2019-08-27,1130,1155,1090,1130,139043800
2019-08-28,1130,1140,1100,1105,48177500
2019-08-29,1115,1120,1100,1100,32001100
2019-08-30,1120,1145,1110,1125,66591200
2019-09-02,1125,1160,1105,1155,81216100
2019-09-03,1165,1215,1165,1190,106598700
2019-09-04,1220,1250,1205,1235,88492300
2019-09-05,1235,1265,1220,1260,60091300
2019-09-06,1275,1345,1275,1335,139576900
2019-09-09,1350,1450,1350,1415,254375800
2019-09-10,1430,1440,1355,1410,104962000
2019-09-11,1430,1475,1425,1470,153633300
2019-09-12,1475,1485,1430,1435,69136000
2019-09-13,1435,1445,1355,1375,82692300
2019-09-16,1425,1460,1400,1430,112703000
2019-09-17,1440,1460,1420,1435,51608900
2019-09-18,1420,1420,1380,1405,37323600
2019-09-19,1400,1410,1370,1370,35991200
2019-09-20,1370,1400,1355,1400,60093800
2019-09-23,1400,1405,1365,1370,22636300
2019-09-24,1370,1370,1275,1295,97064300
2019-09-25,1270,1315,1260,1310,30439800
2019-09-26,1300,1320,1285,1285,16697200
2019-09-27,1290,1345,1290,1315,36058200
2019-09-30,1315,1335,1280,1290,20913600
2019-10-01,1305,1330,1300,1320,23275800
2019-10-02,1300,1310,1270,1270,23143200
2019-10-03,1250,1285,1225,1270,26019600
2019-10-04,1260,1285,1255,1265,17273800
2019-10-07,1280,1290,1250,1250,27269900
2019-10-08,1275,1285,1240,1280,33348200
2019-10-09,1275,1300,1265,1270,29098800
2019-10-10,1260,1275,1255,1260,81111300
2019-10-11,1275,1310,1270,1295,30052100
2019-10-14,1305,1325,1270,1295,22205700
2019-10-15,1305,1330,1280,1330,38825600
2019-10-16,1340,1365,1300,1315,46976400
2019-10-17,1315,1325,1300,1320,13291200
2019-10-18,1320,1350,1310,1310,27499200
2019-10-21,1325,1370,1320,1365,58562400
2019-10-22,1365,1375,1345,1365,29111700
2019-10-23,1365,1375,1325,1355,45606400
2019-10-24,1355,1385,1345,1370,59764100
2019-10-25,1375,1375,1335,1350,38912400
2019-10-28,1350,1375,1345,1370,27468800
2019-10-29,1370,1375,1325,1335,33546400
2019-10-30,1320,1335,1300,1305,34870600
2019-10-31,1305,1320,1295,1310,29065600
2019-11-01,1300,1310,1250,1270,38229500
2019-11-04,1280,1300,1270,1280,28986500
2019-11-05,1290,1370,1290,1370,63048100
2019-11-06,1375,1410,1340,1390,88847800
2019-11-07,1390,1390,1325,1385,58536200
2019-11-08,1400,1435,1395,1415,84463700
2019-11-11,1425,1435,1385,1415,37511800
2019-11-12,1420,1440,1400,1425,47287000
2019-11-13,1425,1435,1330,1335,44738000
2019-11-14,1345,1360,1275,1300,95825800
2019-11-15,1315,1350,1300,1340,41127700
2019-11-18,1350,1360,1315,1330,21106400
2019-11-19,1340,1350,1290,1320,41076600
2019-11-20,1315,1335,1300,1335,26231800
2019-11-21,1325,1335,1305,1310,20904500
2019-11-22,1335,1345,1310,1320,21624800
2019-11-25,1330,1335,1305,1310,16328900
2019-11-26,1325,1335,1300,1315,52566500
2019-11-27,1320,1345,1280,1295,39437500
2019-11-28,1295,1300,1245,1245,31176400
2019-11-29,1240,1260,1210,1230,30039500
2019-12-02,1225,1315,1225,1315,37141500
2019-12-03,1295,1330,1290,1315,39171900
2019-12-04,1300,1400,1290,1360,117122000
2019-12-05,1365,1460,1365,1460,156417000
2019-12-06,1460,1465,1405,1425,62918700
2019-12-09,1440,1460,1415,1420,33597300
2019-12-10,1405,1490,1405,1485,108751900
2019-12-11,1485,1520,1465,1490,73070500
2019-12-12,1500,1505,1465,1475,68887300
2019-12-13,1500,1600,1465,1590,129108300
2019-12-16,1595,1715,1590,1640,143379600
2019-12-17,1660,1665,1525,1655,152206000
2019-12-18,1655,1655,1595,1610,68583400
2019-12-19,1610,1625,1545,1595,75920100
2019-12-20,1605,1605,1505,1540,88766700
2019-12-23,1540,1590,1540,1580,51031300
2019-12-26,1590,1620,1570,1585,41404600
2019-12-27,1590,1610,1575,1580,31331800
2019-12-30,1565,1590,1555,1555,49275500
2020-01-02,1555,1555,1490,1495,76612000
2020-01-03,1460,1470,1425,1465,117795600
2020-01-06,1455,1515,1450,1465,61423200
2020-01-07,1480,1540,1460,1540,74336500
2020-01-08,1530,1535,1505,1505,55121100
2020-01-09,1520,1525,1475,1495,41270800
2020-01-10,1520,1565,1515,1550,97200800
2020-01-13,1585,1595,1555,1565,79898600
2020-01-14,1580,1585,1535,1560,68815800
2020-01-15,1555,1555,1475,1475,79941500
2020-01-16,1480,1505,1455,1470,47679400
2020-01-17,1470,1485,1460,1480,20952100
2020-01-20,1485,1490,1430,1435,23993600
2020-01-21,1425,1455,1400,1415,38058600
2020-01-22,1415,1420,1360,1365,63630500
2020-01-23,1350,1390,1320,1380,66076300
2020-01-24,1390,1395,1370,1380,14852500
2020-01-27,1370,1370,1290,1295,42333400
2020-01-28,1280,1345,1260,1325,77945500
2020-01-29,1330,1345,1300,1305,27119800
2020-01-30,1305,1325,1280,1295,24536100
2020-01-31,1305,1305,1225,1225,79503700
2020-02-03,1200,1245,1180,1225,66293300
2020-02-04,1260,1285,1235,1270,65979400
2020-02-05,1295,1345,1295,1315,60602000
2020-02-06,1350,1350,1280,1305,37379900
2020-02-07,1285,1315,1285,1305,15026100
2020-02-10,1290,1295,1265,1280,19636900
2020-02-11,1295,1315,1275,1315,32034700
2020-02-12,1325,1335,1315,1330,40092100
2020-02-13,1335,1355,1295,1350,62528100
2020-02-14,1350,1360,1310,1320,29880000
2020-02-17,1325,1330,1305,1320,12413400
2020-02-18,1320,1350,1315,1330,28647600
2020-02-19,1335,1345,1290,1305,49522500
2020-02-20,1315,1360,1310,1350,45664600
2020-02-21,1350,1355,1310,1310,33041400
2020-02-24,1285,1310,1270,1285,37626300
2020-02-25,1270,1300,1260,1285,31970000
2020-02-26,1275,1295,1250,1250,38644500
2020-02-27,1250,1275,1155,1165,62491000
2020-02-28,1130,1160,1085,1155,63533800
2020-03-02,1175,1195,1100,1115,41125400
2020-03-03,1140,1180,1125,1140,90994700
2020-03-04,1125,1215,1110,1205,85031200
2020-03-05,1220,1225,1155,1175,63958800
2020-03-06,1140,1180,1140,1160,33637700
2020-03-09,1060,1085,1000,1010,85414300
2020-03-10,1020,1060,1010,1030,47800300
2020-03-11,1030,1035,930,965,70759400
2020-03-12,900,930,820,830,75896100
2020-03-13,790,860,775,830,90075800
2020-03-17,760,760,725,725,47571500
2020-03-18,725,760,675,690,85489000
2020-03-19,670,670,645,645,57290600
2020-03-20,645,800,610,745,139182200
2020-03-23,725,835,695,775,111577400
2020-03-24,810,900,780,850,82445200
2020-03-26,885,1010,870,965,120540900
2020-03-27,990,1050,920,990,76999800
2020-03-30,970,970,925,925,28451400
2020-03-31,925,1020,925,990,83005000
2020-04-01,995,1030,940,1020,56063700
2020-04-02,980,1055,970,1040,29924200
2020-04-03,1055,1100,1040,1100,43071600
2020-04-06,1110,1150,1080,1150,41495700
2020-04-07,1190,1200,1075,1140,52492500
2020-04-08,1150,1150,1065,1065,44442400
2020-04-09,1015,1080,1000,1040,31567000
2020-04-13,1050,1075,1020,1040,13653600
2020-04-14,1040,1080,1040,1080,24122100
2020-04-15,1080,1100,1010,1045,29124400
2020-04-16,1035,1035,975,975,33908100
2020-04-17,1000,1050,990,1035,36048300
2020-04-20,1030,1045,980,985,31892700
2020-04-21,970,970,920,930,45011700
2020-04-22,930,930,870,885,64670900
2020-04-23,900,925,895,905,50027600
2020-04-24,910,985,870,875,98736600
2020-04-27,900,945,885,900,97943800
2020-04-28,910,915,875,890,47890200
2020-04-29,895,905,880,885,43090800
2020-04-30,895,920,890,920,82626500
2020-05-04,920,920,870,890,68085900
2020-05-05,905,925,895,905,51891500
2020-05-06,920,965,900,950,105354100
2020-05-08,955,1030,955,1025,144477800
2020-05-11,1040,1060,1025,1030,62095700
2020-05-12,1040,1060,1000,1005,49628600
2020-05-13,1005,1040,970,1000,43999100
2020-05-14,1025,1025,930,945,89411900
2020-05-15,955,970,910,925,38978300
2020-05-18,935,1020,930,1020,76684300
2020-05-19,1035,1065,990,1005,85706200
2020-05-20,1015,1020,970,980,41027400
2020-05-26,1000,1020,975,1000,49777400
2020-05-27,1020,1020,990,1000,47426900
2020-05-28,1005,1075,1000,1030,137778200
2020-05-29,1015,1100,1015,1100,139275700
2020-06-02,1100,1185,1095,1145,123823700
2020-06-03,1155,1180,1150,1165,89675400
2020-06-04,1135,1150,1105,1120,100659200
2020-06-05,1130,1130,1085,1100,73108200
2020-06-08,1110,1175,1110,1160,88605200
2020-06-09,1165,1240,1160,1180,117226600
2020-06-10,1175,1180,1100,1100,65467500
2020-06-11,1100,1110,1055,1070,31930900
2020-06-12,1060,1070,1010,1060,49986300
2020-06-15,1070,1085,1010,1020,35356800
2020-06-16,1040,1085,1040,1075,48677100
2020-06-17,1085,1095,1055,1070,38939600
2020-06-18,1065,1075,1030,1030,59061200
2020-06-19,1040,1060,1035,1040,70199400
2020-06-22,1050,1055,1020,1030,38485700
2020-06-23,1050,1050,990,1005,80075000
2020-06-24,1015,1050,1010,1045,80781000
2020-06-25,1035,1035,1005,1005,58913100
2020-06-26,1025,1025,1010,1015,40144900
2020-06-29,1015,1025,1000,1005,53482300
2020-06-30,1020,1020,990,995,88016000
2020-07-01,995,1045,990,1045,98514700
2020-07-02,1055,1080,1045,1050,170254500
2020-07-03,1060,1080,1035,1040,55575100
2020-07-06,1050,1065,1035,1065,42400100
2020-07-07,1080,1085,1050,1050,94523900
2020-07-08,1050,1075,1050,1065,60115300
2020-07-09,1065,1125,1060,1095,138899500
2020-07-10,1095,1110,1080,1085,70076300
2020-07-13,1085,1160,1080,1155,134592000
2020-07-14,1145,1170,1125,1155,127484300
2020-07-15,1170,1180,1125,1130,60120300
2020-07-16,1135,1150,1105,1110,62091100
2020-07-17,1115,1160,1110,1155,93909100
2020-07-20,1155,1165,1130,1130,46512900
2020-07-21,1130,1145,1115,1135,52362800
2020-07-22,1140,1150,1120,1125,38753200
2020-07-23,1130,1145,1120,1130,64260600
2020-07-24,1130,1135,1085,1090,57475100
2020-07-27,1090,1110,1080,1110,26677900
2020-07-28,1115,1125,1075,1090,85970300
2020-07-29,1085,1095,1070,1085,32109100
2020-07-30,1090,1100,1075,1085,41227100
2020-08-03,1090,1095,1010,1030,59722100
2020-08-04,1040,1060,1030,1035,46118000
2020-08-05,1045,1055,1030,1050,32037900
2020-08-06,1060,1120,1055,1115,78094300
2020-08-07,1115,1130,1085,1095,42983500
2020-08-10,1095,1140,1095,1140,83699000
2020-08-11,1145,1170,1125,1150,77790400
2020-08-12,1150,1150,1105,1120,46530100
2020-08-13,1120,1130,1105,1115,40519400
2020-08-14,1115,1125,1100,1115,39456900
2020-08-18,1115,1125,1110,1115,40083600
2020-08-19,1115,1135,1100,1115,74016400
2020-08-24,1115,1120,1090,1095,51729800
2020-08-25,1100,1110,1095,1100,46196300
2020-08-26,1110,1135,1095,1110,74077900
2020-08-27,1120,1130,1110,1125,61274600
2020-08-28,1130,1160,1130,1145,108671900
2020-08-31,1160,1165,1085,1085,85351100
2020-09-01,1090,1140,1080,1140,86245000
2020-09-02,1145,1215,1135,1215,267164700
2020-09-03,1210,1230,1175,1205,139885600
2020-09-04,1190,1205,1160,1205,77208600
2020-09-07,1205,1260,1180,1250,109160300
2020-09-08,1250,1280,1220,1240,105277500
2020-09-09,1220,1240,1180,1200,85808300
2020-09-10,1185,1190,1120,1120,104709600
2020-09-11,1080,1185,1080,1180,86766800
2020-09-14,1200,1220,1185,1200,57485800
2020-09-15,1215,1215,1175,1190,44495200
2020-09-16,1195,1205,1140,1145,52672700
2020-09-17,1165,1180,1125,1130,53488300
2020-09-18,1150,1155,1125,1145,87127400
2020-09-21,1155,1160,1140,1145,38247000
2020-09-22,1130,1180,1125,1160,68846900
2020-09-23,1175,1190,1150,1160,64671800
2020-09-24,1145,1160,1130,1130,39759400
2020-09-25,1140,1160,1130,1140,53909400
2020-09-28,1150,1155,1125,1130,26949400
2020-09-29,1140,1185,1140,1165,89147900
2020-09-30,1170,1175,1110,1135,51823100
2020-10-01,1150,1180,1135,1180,31098400
2020-10-02,1180,1185,1120,1140,43192400
2020-10-05,1150,1155,1120,1125,44630600
2020-10-06,1135,1145,1125,1125,33352500
2020-10-07,1125,1135,1115,1130,45283200
2020-10-08,1140,1155,1125,1130,72357800
2020-10-09,1120,1125,1110,1115,73435200
2020-10-12,1120,1130,1110,1110,54683000
2020-10-13,1110,1155,1090,1150,121076600
2020-10-14,1150,1200,1130,1185,123826100
2020-10-15,1185,1195,1155,1155,72630600
2020-10-16,1170,1230,1145,1220,135715400
2020-10-19,1240,1240,1210,1220,73973200
2020-10-20,1220,1225,1200,1210,42037100
2020-10-21,1220,1220,1190,1200,45076700
2020-10-22,1190,1190,1155,1160,91568400
2020-10-23,1175,1175,1140,1145,52389600
2020-10-26,1145,1155,1140,1145,32605100
2020-10-27,1145,1150,1125,1125,41562300
2020-11-02,1120,1150,1100,1130,51499400
2020-11-03,1140,1165,1140,1145,70174800
2020-11-04,1150,1160,1105,1110,66743200
2020-11-05,1140,1155,1125,1140,44255800
2020-11-06,1150,1155,1130,1140,57817100
2020-11-09,1150,1155,1120,1130,79574200
2020-11-10,1150,1155,1130,1140,61432600
2020-11-11,1150,1205,1145,1205,218766200
2020-11-12,1205,1205,1160,1175,90738000
2020-11-13,1170,1190,1155,1165,64105000
2020-11-16,1180,1205,1165,1195,77947500
2020-11-17,1205,1210,1180,1180,99737900
2020-11-18,1180,1205,1180,1190,72626600
2020-11-19,1195,1255,1180,1240,221812500
2020-11-20,1245,1260,1210,1215,121792400
2020-11-23,1230,1290,1225,1290,195985700
2020-11-24,1320,1335,1290,1300,159576400
2020-11-25,1335,1350,1275,1300,152184000
2020-11-26,1335,1365,1325,1360,135992700
2020-11-27,1385,1410,1375,1390,163284800
2020-11-30,1400,1475,1295,1390,452796900
2020-12-01,1410,1425,1340,1390,191809000
2020-12-02,1400,1410,1370,1390,111410600
2020-12-03,1405,1430,1375,1375,147801800
2020-12-04,1405,1460,1360,1435,403854300
2020-12-07,1500,1530,1475,1485,277745100
2020-12-08,1510,1545,1485,1545,414707600
2020-12-10,1580,1600,1525,1545,321869700
2020-12-11,1570,1575,1530,1535,108605000
2020-12-14,1560,1585,1555,1570,175731000
2020-12-15,1570,1575,1530,1530,143516900
2020-12-16,1550,1570,1545,1555,183469700
2020-12-17,1555,1555,1455,1490,255575900
2020-12-18,1490,1500,1465,1480,136218100
2020-12-21,1490,1595,1470,1555,289216400
2020-12-22,1555,1560,1470,1470,193705300
2020-12-23,1500,1540,1400,1490,177123600
2020-12-28,1515,1520,1460,1505,98726000
2020-12-29,1530,1540,1470,1490,99547900
2020-12-30,1490,1490,1425,1430,82195800
2021-01-04,1430,1460,1360,1455,110366200
2021-01-05,1455,1470,1420,1425,107023500
2021-01-06,1415,1420,1340,1375,203948800
2021-01-07,1370,1430,1360,1405,204243100
2021-01-08,1450,1485,1430,1445,165263900
2021-01-11,1490,1540,1470,1525,278542900
2021-01-12,1530,1535,1470,1475,183107400
2021-01-13,1530,1540,1490,1515,204773900
2021-01-14,1525,1535,1490,1495,105347800
2021-01-15,1495,1495,1450,1455,86423600
2021-01-18,1450,1485,1425,1440,101719800
2021-01-19,1440,1460,1390,1415,80577200
2021-01-20,1400,1440,1385,1415,77779700
2021-01-21,1425,1435,1405,1410,46712900
2021-01-22,1410,1420,1345,1350,92579500
2021-01-25,1350,1350,1260,1295,142274300
2021-01-26,1290,1335,1230,1260,138670800
2021-01-27,1260,1285,1215,1245,119157300
2021-01-28,1230,1275,1190,1200,201003600
2021-01-29,1220,1255,1160,1200,192575300
2021-02-01,1205,1235,1165,1230,165569500
2021-02-02,1230,1265,1185,1200,176841000
2021-02-03,1200,1210,1155,1170,173080500
2021-02-04,1170,1210,1150,1165,296042000
2021-02-05,1185,1230,1175,1210,225757600
2021-02-08,1240,1255,1215,1220,171974800
2021-02-09,1235,1235,1200,1210,124214600
2021-02-10,1220,1225,1195,1200,70872800
2021-02-11,1200,1230,1195,1215,79109900
2021-02-15,1230,1240,1210,1215,75301100
2021-02-16,1215,1235,1205,1210,72063600
2021-02-17,1210,1220,1170,1180,123787800
2021-02-18,1180,1200,1165,1175,68479800
2021-02-19,1175,1185,1160,1180,55397800
2021-02-22,1195,1230,1185,1210,168255300
2021-02-23,1225,1230,1200,1205,96889300
2021-02-24,1215,1220,1185,1185,74830000
2021-02-25,1200,1215,1190,1200,79549900
2021-02-26,1180,1195,1175,1180,89372000
2021-03-01,1195,1200,1180,1185,96722600
2021-03-02,1200,1220,1185,1185,125690800
2021-03-03,1195,1200,1185,1185,53347200
2021-03-04,1185,1235,1180,1220,242780100
2021-03-05,1210,1220,1175,1180,157251500
2021-03-08,1190,1200,1170,1175,73736900
2021-03-09,1175,1190,1160,1165,84429300
2021-03-10,1175,1185,1160,1170,53621900
2021-03-12,1190,1225,1185,1210,170821500
2021-03-15,1225,1260,1220,1235,173813000
2021-03-16,1245,1250,1205,1220,99266400
2021-03-17,1215,1235,1215,1230,67741700
2021-03-18,1245,1270,1235,1270,174402800
2021-03-19,1270,1300,1240,1300,377618800
2021-03-22,1305,1340,1280,1285,178934000
2021-03-23,1320,1330,1290,1300,108812100
2021-03-24,1280,1280,1220,1225,139175600
2021-03-25,1225,1245,1190,1205,119051300
2021-03-26,1215,1225,1200,1220,58260700
2021-03-29,1230,1235,1205,1205,51416200
2021-03-30,1205,1205,1170,1175,93116600
2021-03-31,1175,1185,1160,1175,80881500
2021-04-01,1175,1200,1170,1180,51622400
2021-04-05,1195,1205,1180,1185,45262300
2021-04-06,1200,1210,1180,1210,48401800
2021-04-07,1210,1225,1200,1220,39520700
2021-04-08,1220,1230,1205,1230,44812000
2021-04-09,1220,1230,1205,1205,38632200
2021-04-12,1210,1215,1175,1180,40274800
2021-04-13,1180,1185,1160,1160,61790200
2021-04-14,1175,1200,1165,1195,38916200
2021-04-15,1195,1200,1170,1190,38983700
2021-04-16,1190,1190,1175,1185,37678700
2021-04-19,1185,1205,1175,1185,81678100
2021-04-20,1190,1205,1180,1185,47902500
2021-04-21,1175,1190,1175,1180,27795700
2021-04-22,1185,1190,1170,1170,23846500
2021-04-23,1175,1205,1175,1200,43584100
2021-04-26,1200,1225,1185,1210,66246100
2021-04-27,1225,1230,1200,1210,50472900
2021-04-28,1215,1230,1210,1215,30395800
2021-04-29,1225,1260,1220,1255,78611100
2021-04-30,1255,1260,1235,1245,54932900
2021-05-03,1260,1260,1230,1240,73385300
2021-05-04,1240,1255,1235,1250,90623400
2021-05-05,1210,1210,1185,1195,80251300
2021-05-06,1195,1215,1185,1185,52912600
2021-05-07,1195,1210,1180,1185,63337000
2021-05-10,1195,1210,1190,1195,45753000
2021-05-11,1195,1220,1190,1195,78403200
2021-05-17,1210,1215,1180,1185,69060200
2021-05-18,1200,1200,1170,1200,31413900
2021-05-19,1195,1195,1175,1175,23994100
2021-05-20,1175,1185,1170,1170,29580300
2021-05-21,1190,1195,1160,1165,45227600
2021-05-24,1190,1190,1160,1160,50015000
2021-05-25,1175,1195,1165,1170,78866700
2021-05-27,1180,1190,1165,1165,84522000
2021-05-28,1165,1180,1160,1170,43862200
2021-05-31,1180,1190,1170,1190,59786600
2021-06-02,1195,1260,1195,1260,221123100
2021-06-03,1265,1265,1235,1250,58947200
2021-06-04,1245,1260,1210,1230,58632800
2021-06-07,1230,1230,1200,1205,36090000
2021-06-08,1220,1235,1205,1210,46908800
2021-06-09,1215,1225,1205,1215,40082700
2021-06-10,1230,1240,1210,1210,39268300
2021-06-11,1225,1350,1225,1315,386854000
2021-06-14,1320,1340,1295,1325,107804300
2021-06-15,1320,1320,1280,1310,109048500
2021-06-16,1300,1400,1290,1395,264328700
2021-06-17,1385,1405,1355,1355,81946100
2021-06-18,1355,1375,1285,1310,149122700
2021-06-21,1290,1305,1250,1285,84475900
2021-06-22,1295,1315,1275,1290,77750600
2021-06-23,1305,1315,1255,1260,73515700
2021-06-24,1260,1270,1225,1245,52732300
2021-06-25,1255,1295,1235,1285,106349300
2021-06-28,1300,1305,1230,1235,71317300
2021-06-29,1230,1245,1205,1215,46827300
2021-06-30,1215,1225,1190,1205,76460900
2021-07-01,1220,1240,1195,1205,53853700
2021-07-02,1220,1270,1205,1260,115326200
2021-07-05,1265,1265,1230,1235,50259700
2021-07-06,1260,1300,1255,1290,83567200
2021-07-07,1275,1275,1230,1250,72700000
2021-07-08,1250,1250,1210,1220,50605000
2021-07-09,1230,1255,1215,1250,46284000
2021-07-12,1270,1270,1235,1235,43425000
2021-07-13,1240,1245,1220,1230,30860600
2021-07-14,1230,1255,1215,1220,57171600
2021-07-15,1215,1240,1215,1225,45141600
2021-07-16,1240,1260,1225,1240,44257000
2021-07-19,1250,1265,1240,1250,47573900
2021-07-21,1260,1260,1235,1240,50329700
2021-07-22,1250,1340,1240,1335,178204200
2021-07-23,1335,1335,1295,1305,69244900
2021-07-26,1300,1310,1275,1280,55386900
2021-07-27,1290,1305,1260,1275,31381500
2021-07-28,1280,1285,1255,1270,46422700
2021-07-29,1285,1345,1275,1325,103637900
2021-07-30,1325,1365,1295,1335,116435600
2021-08-02,1345,1390,1340,1370,86145100
2021-08-03,1370,1370,1345,1350,61492100
2021-08-04,1350,1365,1345,1360,30115900
2021-08-05,1360,1370,1300,1300,99527400
2021-08-06,1310,1325,1285,1290,41862500
2021-08-09,1305,1340,1290,1300,56861800
2021-08-10,1320,1350,1300,1340,82237200
2021-08-12,1350,1415,1345,1410,185580600
2021-08-13,1420,1430,1370,1385,71600800
2021-08-16,1385,1400,1355,1365,47327100
2021-08-18,1360,1375,1325,1340,68965200
2021-08-19,1340,1355,1295,1295,61887100
2021-08-20,1290,1305,1260,1265,88174800
2021-08-23,1265,1320,1265,1315,61341500
2021-08-24,1340,1340,1250,1260,127792400
2021-08-25,1270,1280,1255,1255,65065500
2021-08-26,1270,1290,1250,1280,62480500
2021-08-27,1280,1280,1245,1245,70195900
2021-08-30,1260,1300,1260,1300,79496000
2021-08-31,1310,1310,1260,1260,82451800
2021-09-01,1280,1320,1275,1320,133083800
2021-09-02,1325,1345,1300,1320,82690300
2021-09-03,1335,1360,1325,1355,107931100
2021-09-06,1365,1380,1350,1365,61146600
2021-09-07,1365,1370,1340,1345,31543200
2021-09-08,1345,1360,1325,1330,68516800
2021-09-09,1340,1370,1330,1365,83497400
2021-09-10,1370,1375,1345,1350,61919000
2021-09-13,1350,1350,1330,1340,26391100
2021-09-14,1350,1395,1345,1385,98476700
2021-09-15,1375,1410,1365,1390,136898100
2021-09-16,1395,1410,1375,1390,50599200
2021-09-17,1370,1370,1315,1335,101975300
2021-09-20,1330,1345,1315,1320,50111200
2021-09-21,1320,1360,1305,1345,64966900
2021-09-22,1355,1410,1345,1400,133762600
2021-09-23,1410,1445,1390,1415,146626700
2021-09-24,1430,1515,1425,1500,303647800
2021-09-27,1515,1560,1505,1510,158865800
2021-09-28,1600,1785,1600,1740,503914800
2021-09-29,1740,1795,1705,1720,246864600
2021-09-30,1730,1805,1730,1760,267379500
2021-10-01,1775,1830,1740,1780,176722300
2021-10-04,1830,1900,1830,1860,235058800
2021-10-05,1920,1980,1800,1830,347837200
2021-10-06,1925,1945,1850,1865,274437500
2021-10-07,1785,1785,1735,1735,423593500
2021-10-08,1730,1815,1720,1815,247024500
2021-10-11,1820,1920,1815,1915,343765900
2021-10-12,1925,1940,1860,1885,263636400
2021-10-13,1885,1900,1840,1860,176095000
2021-10-14,1855,1885,1840,1855,129722500
